{
  "/": {
    "median_ms": 834.7163329599425,
    "mean_ms": 836.0572915989906,
    "stdev_ms": 11.23302192317329
  },
  "/?source=github": {
    "median_ms": 439.06870810315013,
    "mean_ms": 436.5772502031177,
    "stdev_ms": 8.73990372860189
  },
  "/?source=hackernews": {
    "median_ms": 376.4226670609787,
    "mean_ms": 377.7262832270935,
    "stdev_ms": 4.808302926875328
  },
  "/?source=producthunt": {
    "median_ms": 351.54945810791105,
    "mean_ms": 352.43219181429595,
    "stdev_ms": 5.710268195723186
  },
  "/search?q=tool": {
    "median_ms": 731.7460839403793,
    "mean_ms": 733.0957252066582,
    "stdev_ms": 10.720534663812185
  },
  "/tool/1": {
    "median_ms": 248.6910839797929,
    "mean_ms": 248.98132539819926,
    "stdev_ms": 5.4774655852946275
  }
}