{
  "/": {
    "median_ms": 750.8997919503599,
    "mean_ms": 752.8026083949953,
    "stdev_ms": 5.73869187746684
  },
  "/?source=github": {
    "median_ms": 274.99545901082456,
    "mean_ms": 275.4191168118268,
    "stdev_ms": 4.956847008090857
  },
  "/?source=hackernews": {
    "median_ms": 213.11070793308318,
    "mean_ms": 211.5659583825618,
    "stdev_ms": 3.193269101129676
  },
  "/?source=producthunt": {
    "median_ms": 174.6034590760246,
    "mean_ms": 175.85995842237025,
    "stdev_ms": 3.787500765984639
  },
  "/search?q=tool": {
    "median_ms": 80.05820796824992,
    "mean_ms": 80.22749158553779,
    "stdev_ms": 0.6309406700236411
  },
  "/tool/1": {
    "median_ms": 158.44600007403642,
    "mean_ms": 159.71590841654688,
    "stdev_ms": 3.8631834452598235
  }
}