{
  "/": {
    "median_ms": 758.2061249995604,
    "mean_ms": 753.0897248070687,
    "stdev_ms": 8.511405721045131
  },
  "/?source=github": {
    "median_ms": 276.1901249177754,
    "mean_ms": 276.5648417873308,
    "stdev_ms": 3.7309634272416274
  },
  "/?source=hackernews": {
    "median_ms": 216.4766660425812,
    "mean_ms": 214.72618337720633,
    "stdev_ms": 4.184295582146459
  },
  "/?source=producthunt": {
    "median_ms": 177.79012501705438,
    "mean_ms": 178.06612481363118,
    "stdev_ms": 3.242540326967766
  },
  "/search?q=tool": {
    "median_ms": 80.54170804098248,
    "mean_ms": 80.64719163812697,
    "stdev_ms": 0.3668051564365248
  },
  "/tool/1": {
    "median_ms": 156.52650000993162,
    "mean_ms": 158.53545842692256,
    "stdev_ms": 3.7490290972488576
  }
}