{
  "/": {
    "median_ms": 10.016124928370118,
    "mean_ms": 9.926224988885224,
    "stdev_ms": 0.26853754023877596
  },
  "/?source=github": {
    "median_ms": 7.086083991453052,
    "mean_ms": 7.11358361877501,
    "stdev_ms": 0.16532302412800662
  },
  "/?source=hackernews": {
    "median_ms": 13.186916941776872,
    "mean_ms": 13.298550201579928,
    "stdev_ms": 0.25366524368693794
  },
  "/?source=producthunt": {
    "median_ms": 5.639624898321927,
    "mean_ms": 5.5457333801314235,
    "stdev_ms": 0.2763898695152668
  },
  "/search?q=tool": {
    "median_ms": 79.98183299787343,
    "mean_ms": 79.84593319706619,
    "stdev_ms": 0.32002688319182176
  },
  "/tool/1": {
    "median_ms": 155.29587492346764,
    "mean_ms": 158.03733342327178,
    "stdev_ms": 4.155815707632677
  }
}