{
  "/": {
    "median_ms": 10.130333015695214,
    "mean_ms": 10.10411661118269,
    "stdev_ms": 0.3037608225854208
  },
  "/?source=github": {
    "median_ms": 7.440124987624586,
    "mean_ms": 7.452349830418825,
    "stdev_ms": 0.20080541155154577
  },
  "/?source=hackernews": {
    "median_ms": 13.534000026993454,
    "mean_ms": 13.651566416956484,
    "stdev_ms": 0.4943996911733683
  },
  "/?source=producthunt": {
    "median_ms": 5.409375065937638,
    "mean_ms": 5.411308212205768,
    "stdev_ms": 0.097983050516446
  },
  "/search?q=tool": {
    "median_ms": 80.21270798053592,
    "mean_ms": 80.26449999306351,
    "stdev_ms": 0.21998325551468637
  },
  "/tool/1": {
    "median_ms": 3.899749950505793,
    "mean_ms": 4.009883385151625,
    "stdev_ms": 0.29419115338266877
  },
  "/api/search?q=tool": {
    "median_ms": 77.23408401943743,
    "mean_ms": 77.6588749838993,
    "stdev_ms": 0.8762614110548366
  }
}