{
  "/": {
    "median_ms": 9.527000016532838,
    "mean_ms": 9.534000186249614,
    "stdev_ms": 0.12240093156387971
  },
  "/?source=github": {
    "median_ms": 7.0550000527873635,
    "mean_ms": 7.054149825125933,
    "stdev_ms": 0.06353214875903955
  },
  "/?source=hackernews": {
    "median_ms": 13.635584036819637,
    "mean_ms": 13.608733611181378,
    "stdev_ms": 0.09565960412415872
  },
  "/?source=producthunt": {
    "median_ms": 5.779624916613102,
    "mean_ms": 5.655325390398502,
    "stdev_ms": 0.2590191724010161
  },
  "/search?q=tool": {
    "median_ms": 79.90858401171863,
    "mean_ms": 79.84071660321206,
    "stdev_ms": 0.32152345006694927
  },
  "/tool/1": {
    "median_ms": 3.70420899707824,
    "mean_ms": 3.8076834054663777,
    "stdev_ms": 0.17537366986457933
  },
  "/api/search?q=tool": {
    "median_ms": 79.57954204175621,
    "mean_ms": 79.75131701678038,
    "stdev_ms": 0.7042327528649744
  }
}