{
  "/": {
    "median_ms": 761.1283339792863,
    "mean_ms": 760.7045583892614,
    "stdev_ms": 7.337957310518955
  },
  "/?source=github": {
    "median_ms": 276.54104109387845,
    "mean_ms": 278.77965001389384,
    "stdev_ms": 4.789041073343972
  },
  "/?source=hackernews": {
    "median_ms": 215.73370904661715,
    "mean_ms": 216.7810499900952,
    "stdev_ms": 3.7895926724399063
  },
  "/?source=producthunt": {
    "median_ms": 185.86700002197176,
    "mean_ms": 186.0595665872097,
    "stdev_ms": 3.794076337932366
  },
  "/search?q=tool": {
    "median_ms": 748.9684580359608,
    "mean_ms": 754.4359248131514,
    "stdev_ms": 8.785061573017286
  },
  "/tool/1": {
    "median_ms": 158.44687505159527,
    "mean_ms": 159.4000332057476,
    "stdev_ms": 4.099801197171726
  }
}