{
  "/": {
    "median_ms": 753.3116670092568,
    "mean_ms": 755.0604666350409,
    "stdev_ms": 10.358448598296903
  },
  "/?source=github": {
    "median_ms": 278.67870894260705,
    "mean_ms": 278.85560819413513,
    "stdev_ms": 5.301967375992177
  },
  "/?source=hackernews": {
    "median_ms": 221.52791707776487,
    "mean_ms": 220.93232502229512,
    "stdev_ms": 5.038997501857524
  },
  "/?source=producthunt": {
    "median_ms": 182.83720803447068,
    "mean_ms": 184.27192503586411,
    "stdev_ms": 4.135161923208643
  },
  "/search?q=tool": {
    "median_ms": 761.2239579902962,
    "mean_ms": 755.171066801995,
    "stdev_ms": 12.420739964974505
  },
  "/tool/1": {
    "median_ms": 156.1625839676708,
    "mean_ms": 158.33328336011618,
    "stdev_ms": 3.520210780442404
  }
}