{
  "/": {
    "median_ms": 9.246959001757205,
    "mean_ms": 9.271441795863211,
    "stdev_ms": 0.11209776021122173
  },
  "/?source=github": {
    "median_ms": 6.702000042423606,
    "mean_ms": 6.718033389188349,
    "stdev_ms": 0.09302203165321316
  },
  "/?source=hackernews": {
    "median_ms": 13.149500009603798,
    "mean_ms": 13.139574998058379,
    "stdev_ms": 0.123745800949533
  },
  "/?source=producthunt": {
    "median_ms": 5.647791083902121,
    "mean_ms": 5.635733203962445,
    "stdev_ms": 0.3485460026617669
  },
  "/search?q=tool": {
    "median_ms": 79.15491599123925,
    "mean_ms": 79.18050803709775,
    "stdev_ms": 0.4117119376947393
  },
  "/tool/1": {
    "median_ms": 156.4275419805199,
    "mean_ms": 158.45982518512756,
    "stdev_ms": 3.738084995237443
  }
}