{
  "/": {
    "median_ms": 9.895666968077421,
    "mean_ms": 9.816541569307446,
    "stdev_ms": 0.42128592768196765
  },
  "/?source=github": {
    "median_ms": 7.05429189838469,
    "mean_ms": 7.109449966810644,
    "stdev_ms": 0.28649317501645744
  },
  "/?source=hackernews": {
    "median_ms": 13.7021669652313,
    "mean_ms": 13.914224784821272,
    "stdev_ms": 0.31182705362952534
  },
  "/?source=producthunt": {
    "median_ms": 5.405290983617306,
    "mean_ms": 5.55956659372896,
    "stdev_ms": 0.45769967056197414
  },
  "/search?q=tool": {
    "median_ms": 79.18691704981029,
    "mean_ms": 80.64079182222486,
    "stdev_ms": 1.8878409003349534
  },
  "/tool/1": {
    "median_ms": 3.5695420810952783,
    "mean_ms": 3.6950083915144205,
    "stdev_ms": 0.23725756979574048
  }
}